Title;URL;Description;Details;ShortDetails;Resource;Type;Identifiers;Db;EntrezUID;Properties;DOI
Exploring First Interactions Between Ostreid Herpesvirus 1 (OsHV-1) and Its Host, Crassostrea gigas: Effects of Specific Antiviral Antibodies and Dextran Sulfate.;/pubmed/31178841;Martenot C, Faury N, Morga B, Degremont L, Lamy JB, Houssin M, Renault T.;Front Microbiol. 2019 May 24;10:1128. doi: 10.3389/fmicb.2019.01128. eCollection 2019.;Front Microbiol.  2019;PubMed;citation;PMID:31178841 | PMCID:PMC6543491;pubmed;31178841;create date:2019/06/11 | first author:Martenot C;https://doi.org/10.3389/fmicb.2019.01128
Variability in the Composition of Pacific Oyster Microbiomes Across Oyster Families Exhibiting Different Levels of Susceptibility to OsHV-1 μvar Disease.;/pubmed/30915058;King WL, Siboni N, Williams NLR, Kahlke T, Nguyen KV, Jenkins C, Dove M, O'Connor W, Seymour JR, Labbate M.;Front Microbiol. 2019 Mar 11;10:473. doi: 10.3389/fmicb.2019.00473. eCollection 2019.;Front Microbiol.  2019;PubMed;citation;PMID:30915058 | PMCID:PMC6421512;pubmed;30915058;create date:2019/03/28 | first author:King WL;https://doi.org/10.3389/fmicb.2019.00473
Dual Analysis of Virus-Host Interactions: The Case of Ostreid herpesvirus 1 and the Cupped Oyster Crassostrea gigas.;/pubmed/30828244;Rosani U, Young T, Bai CM, Alfaro AC, Venier P.;Evol Bioinform Online. 2019 Feb 22;15:1176934319831305. doi: 10.1177/1176934319831305. eCollection 2019. Review.;Evol Bioinform Online.  2019;PubMed;citation;PMID:30828244 | PMCID:PMC6388457;pubmed;30828244;create date:2019/03/05 | first author:Rosani U;https://doi.org/10.1177/1176934319831305
Immune-suppression by OsHV-1 viral infection causes fatal bacteraemia in Pacific oysters.;/pubmed/30310074;de Lorgeril J, Lucasson A, Petton B, Toulza E, Montagnani C, Clerissi C, Vidal-Dupiol J, Chaparro C, Galinier R, Escoubas JM, Haffner P, Dégremont L, Charrière GM, Lafont M, Delort A, Vergnes A, Chiarello M, Faury N, Rubio T, Leroy MA, Pérignon A, Régler D, et al.;Nat Commun. 2018 Oct 11;9(1):4215. doi: 10.1038/s41467-018-06659-3.;Nat Commun.  2018;PubMed;citation;PMID:30310074 | PMCID:PMC6182001;pubmed;30310074;create date:2018/10/13 | first author:de Lorgeril J;NA
Rapid capture and detection of ostreid herpesvirus-1 from Pacific oyster Crassostrea gigas and seawater using magnetic beads.;/pubmed/30281676;Toldrà A, Andree KB, Bertomeu E, Roque A, Carrasco N, Gairín I, Furones MD, Campàs M.;PLoS One. 2018 Oct 3;13(10):e0205207. doi: 10.1371/journal.pone.0205207. eCollection 2018.;PLoS One.  2018;PubMed;citation;PMID:30281676 | PMCID:PMC6169968;pubmed;30281676;create date:2018/10/04 | first author:Toldrà A;https://doi.org/10.1371/journal.pone.0205207
Transgenerational plasticity and antiviral immunity in the Pacific oyster (Crassostrea gigas) against Ostreid herpesvirus 1 (OsHV-1).;/pubmed/30278186;Lafont M, Goncalves P, Guo X, Montagnani C, Raftos D, Green T.;Dev Comp Immunol. 2019 Feb;91:17-25. doi: 10.1016/j.dci.2018.09.022. Epub 2018 Sep 29.;Dev Comp Immunol.  2019;PubMed;citation;PMID:30278186;pubmed;30278186;create date:2018/10/03 | first author:Lafont M;https://doi.org/10.1016/j.dci.2018.09.022
Role of the intertidal predatory shore crab Carcinus maenas in transmission dynamics of ostreid herpesvirus-1 microvariant.;/pubmed/30259874;Bookelaar BE, O'Reilly AJ, Lynch SA, Culloty SC.;Dis Aquat Organ. 2018 Sep 27;130(3):221-233. doi: 10.3354/dao03264.;Dis Aquat Organ.  2018;PubMed;citation;PMID:30259874;pubmed;30259874;create date:2018/09/28 | first author:Bookelaar BE;NA
A novel divergent group of Ostreid herpesvirus 1 μVar variants associated with a mortality event in Pacific oyster spat in Normandy (France) in 2016.;/pubmed/30151980;Burioli EAV, Varello K, Lavazza A, Bozzetta E, Prearo M, Houssin M.;J Fish Dis. 2018 Nov;41(11):1759-1769. doi: 10.1111/jfd.12883. Epub 2018 Aug 28.;J Fish Dis.  2018;PubMed;citation;PMID:30151980;pubmed;30151980;create date:2018/08/29 | first author:Burioli EAV;https://doi.org/10.1111/jfd.12883
Determination of risk factors for herpesvirus outbreak in oysters using a broad-scale spatial epidemiology framework.;/pubmed/30022088;Pernet F, Fuhrmann M, Petton B, Mazurié J, Bouget JF, Fleury E, Daigle G, Gernez P.;Sci Rep. 2018 Jul 18;8(1):10869. doi: 10.1038/s41598-018-29238-4.;Sci Rep.  2018;PubMed;citation;PMID:30022088 | PMCID:PMC6052024;pubmed;30022088;create date:2018/07/20 | first author:Pernet F;NA
Differential lncRNA expression profiles reveal the potential roles of lncRNAs in antiviral immune response of Crassostrea gigas.;/pubmed/30010017;Sun W, Feng J.;Fish Shellfish Immunol. 2018 Oct;81:233-241. doi: 10.1016/j.fsi.2018.07.032. Epub 2018 Jul 17.;Fish Shellfish Immunol.  2018;PubMed;citation;PMID:30010017;pubmed;30010017;create date:2018/07/17 | first author:Sun W;https://doi.org/10.1016/j.fsi.2018.07.032
Characterisation of the Pacific Oyster Microbiome During a Summer Mortality Event.;/pubmed/29987529;King WL, Jenkins C, Go J, Siboni N, Seymour JR, Labbate M.;Microb Ecol. 2019 Feb;77(2):502-512. doi: 10.1007/s00248-018-1226-9. Epub 2018 Jul 10.;Microb Ecol.  2019;PubMed;citation;PMID:29987529;pubmed;29987529;create date:2018/07/11 | first author:King WL;https://doi.org/10.1007/s00248-018-1226-9
Temperature modulate disease susceptibility of the Pacific oyster Crassostrea gigas and virulence of the Ostreid herpesvirus type 1.;/pubmed/29859311;Delisle L, Petton B, Burguin JF, Morga B, Corporeau C, Pernet F.;Fish Shellfish Immunol. 2018 Sep;80:71-79. doi: 10.1016/j.fsi.2018.05.056. Epub 2018 May 30.;Fish Shellfish Immunol.  2018;PubMed;citation;PMID:29859311;pubmed;29859311;create date:2018/06/03 | first author:Delisle L;https://doi.org/10.1016/j.fsi.2018.05.056
Counting the dead to determine the source and transmission of the marine herpesvirus OsHV-1 in Crassostrea gigas.;/pubmed/29636093;Whittington RJ, Paul-Pont I, Evans O, Hick P, Dhand NK.;Vet Res. 2018 Apr 10;49(1):34. doi: 10.1186/s13567-018-0529-7.;Vet Res.  2018;PubMed;citation;PMID:29636093 | PMCID:PMC5891919;pubmed;29636093;create date:2018/04/11 | first author:Whittington RJ;NA
Histological Alterations in Pacific Oysters Crassostrea gigas that Survived a Summer Mortality Event in Baja California, Mexico.;/pubmed/29595887;Cáceres-Martínez J, Vásquez-Yeomans R, Danigo P, Reyes-Roel C.;J Aquat Anim Health. 2018 Mar;30(1):31-38. doi: 10.1002/aah.10006.;J Aquat Anim Health.  2018;PubMed;citation;PMID:29595887;pubmed;29595887;create date:2018/03/30 | first author:Cáceres-Martínez J;NA
Identification of a newly described OsHV-1 µvar from the North Adriatic Sea (Italy).;/pubmed/29580370;Abbadi M, Zamperin G, Gastaldelli M, Pascoli F, Rosani U, Milani A, Schivo A, Rossetti E, Turolla E, Gennari L, Toffan A, Arcangeli G, Venier P.;J Gen Virol. 2018 May;99(5):693-703. doi: 10.1099/jgv.0.001042. Epub 2018 Mar 26.;J Gen Virol.  2018;PubMed;citation;PMID:29580370 | PMCID:PMC5994699;pubmed;29580370;create date:2018/03/28 | first author:Abbadi M;https://doi.org/10.1099/jgv.0.001042
Inefficient immune response is associated with microbial permissiveness in juvenile oysters affected by mass mortalities on field.;/pubmed/29567138;de Lorgeril J, Escoubas JM, Loubiere V, Pernet F, Le Gall P, Vergnes A, Aujoulat F, Jeannot JL, Jumas-Bilak E, Got P, Gueguen Y, Destoumieux-Garzón D, Bachère E.;Fish Shellfish Immunol. 2018 Jun;77:156-163. doi: 10.1016/j.fsi.2018.03.027. Epub 2018 Mar 19.;Fish Shellfish Immunol.  2018;PubMed;citation;PMID:29567138;pubmed;29567138;create date:2018/03/24 | first author:de Lorgeril J;https://doi.org/10.1016/j.fsi.2018.03.027
Antiviral Defense and Innate Immune Memory in the Oyster.;/pubmed/29547519;Green TJ, Speck P.;Viruses. 2018 Mar 16;10(3). pii: E133. doi: 10.3390/v10030133. Review.;Viruses.  2018;PubMed;citation;PMID:29547519 | PMCID:PMC5869526;pubmed;29547519;create date:2018/03/17 | first author:Green TJ;https://doi.org/10.3390/v10030133
A Genome-Wide Association Study for Host Resistance to Ostreid Herpesvirus in Pacific Oysters (Crassostrea gigas).;/pubmed/29472307;Gutierrez AP, Bean TP, Hooper C, Stenton CA, Sanders MB, Paley RK, Rastas P, Bryrom M, Matika O, Houston RD.;G3 (Bethesda). 2018 Mar 28;8(4):1273-1280. doi: 10.1534/g3.118.200113.;G3 (Bethesda).  2018;PubMed;citation;PMID:29472307 | PMCID:PMC5873916;pubmed;29472307;create date:2018/02/24 | first author:Gutierrez AP;NA
Metabolism of the Pacific oyster, Crassostrea gigas, is influenced by salinity and modulates survival to the Ostreid herpesvirus OsHV-1.;/pubmed/29463513;Fuhrmann M, Delisle L, Petton B, Corporeau C, Pernet F.;Biol Open. 2018 Feb 20;7(2). pii: bio028134. doi: 10.1242/bio.028134.;Biol Open.  2018;PubMed;citation;PMID:29463513 | PMCID:PMC5861354;pubmed;29463513;create date:2018/02/22 | first author:Fuhrmann M;NA
The Voltage-Dependent Anion Channel (VDAC) of Pacific Oysters Crassostrea gigas Is Upaccumulated During Infection by the Ostreid Herpesvirus-1 (OsHV-1): an Indicator of the Warburg Effect.;/pubmed/29344825;Delisle L, Fuhrmann M, Quéré C, Pauletto M, Pichereau V, Pernet F, Corporeau C.;Mar Biotechnol (NY). 2018 Feb;20(1):87-97. doi: 10.1007/s10126-017-9789-x. Epub 2018 Jan 17.;Mar Biotechnol (NY).  2018;PubMed;citation;PMID:29344825;pubmed;29344825;create date:2018/01/19 | first author:Delisle L;https://doi.org/10.1007/s10126-017-9789-x
The role of the mussel Mytilus spp. in the transmission of ostreid herpesvirus-1 microVar.;/pubmed/29262879;O' Reilly AJ, Laide C, Maloy A, Hutton S, Bookelaar B, O' Sullivan K, Lynch SA, Culloty SC.;Parasitology. 2018 Jul;145(8):1095-1104. doi: 10.1017/S0031182017002244. Epub 2017 Dec 21.;Parasitology.  2018;PubMed;citation;PMID:29262879;pubmed;29262879;create date:2017/12/22 | first author:O' Reilly AJ;https://doi.org/10.1017/S0031182017002244
First evidence of viral and bacterial oyster pathogens in the Brazilian coast.;/pubmed/29193213;Mello DF, Danielli NM, Curbani F, Pontinha VA, Suhnel S, Castro MAM, Medeiros SC, Wendt NC, Trevisan R, Magalhães ARM, Dafre AL.;J Fish Dis. 2018 Mar;41(3):559-563. doi: 10.1111/jfd.12755. Epub 2017 Nov 28. No abstract available. ;J Fish Dis.  2018;PubMed;citation;PMID:29193213;pubmed;29193213;create date:2017/12/02 | first author:Mello DF;https://doi.org/10.1111/jfd.12755
The Pacific oyster (Crassostrea gigas) Hsp70 modulates the Ostreid herpes virus 1 infectivity.;/pubmed/28986219;De-la-Re-Vega E, Sánchez-Paz A, Gallardo-Ybarra C, Lastra-Encinas MA, Castro-Longoria R, Grijalva-Chon JM, López-Torres MA, Maldonado-Arce AD.;Fish Shellfish Immunol. 2017 Dec;71:127-135. doi: 10.1016/j.fsi.2017.09.079. Epub 2017 Oct 3.;Fish Shellfish Immunol.  2017;PubMed;citation;PMID:28986219;pubmed;28986219;create date:2017/10/08 | first author:De-la-Re-Vega E;https://doi.org/10.1016/j.fsi.2017.09.079
Haemocytes from Crassostrea gigas and OsHV-1: A promising in vitro system to study host/virus interactions.;/pubmed/28911815;Morga B, Faury N, Guesdon S, Chollet B, Renault T.;J Invertebr Pathol. 2017 Nov;150:45-53. doi: 10.1016/j.jip.2017.09.007. Epub 2017 Sep 11.;J Invertebr Pathol.  2017;PubMed;citation;PMID:28911815;pubmed;28911815;create date:2017/09/16 | first author:Morga B;https://doi.org/10.1016/j.jip.2017.09.007
First description of a mortality event in adult Pacific oysters in Italy associated with infection by a Tenacibaculum soleae strain.;/pubmed/28836671;Burioli EAV, Varello K, Trancart S, Bozzetta E, Gorla A, Prearo M, Houssin M.;J Fish Dis. 2018 Feb;41(2):215-221. doi: 10.1111/jfd.12698. Epub 2017 Aug 24.;J Fish Dis.  2018;PubMed;citation;PMID:28836671;pubmed;28836671;create date:2017/08/25 | first author:Burioli EAV;https://doi.org/10.1111/jfd.12698
Long dsRNAs promote an anti-viral response in Pacific oyster hampering ostreid herpesvirus 1 replication.;/pubmed/28798082;Pauletto M, Segarra A, Montagnani C, Quillien V, Faury N, Le Grand J, Miner P, Petton B, Labreuche Y, Fleury E, Fabioux C, Bargelloni L, Renault T, Huvet A.;J Exp Biol. 2017 Oct 15;220(Pt 20):3671-3685. doi: 10.1242/jeb.156299. Epub 2017 Aug 10.;J Exp Biol.  2017;PubMed;citation;PMID:28798082;pubmed;28798082;create date:2017/08/12 | first author:Pauletto M;https://doi.org/10.1242/jeb.156299
Mass mortalities of unknown aetiology in Pacific oysters Crassostrea gigas in Port Stephens, New South Wales, Australia.;/pubmed/28792421;Go J, Deutscher AT, Spiers ZB, Dahle K, Kirkland PD, Jenkins C.;Dis Aquat Organ. 2017 Aug 9;125(3):227-242. doi: 10.3354/dao03146.;Dis Aquat Organ.  2017;PubMed;citation;PMID:28792421;pubmed;28792421;create date:2017/08/10 | first author:Go J;NA
Double stranded RNA is processed differently in two oyster species.;/pubmed/28687485;Masood M, Herberstein ME, Raftos DA, Nair SV.;Dev Comp Immunol. 2017 Nov;76:285-291. doi: 10.1016/j.dci.2017.06.017. Epub 2017 Jul 4.;Dev Comp Immunol.  2017;PubMed;citation;PMID:28687485;pubmed;28687485;create date:2017/07/09 | first author:Masood M;https://doi.org/10.1016/j.dci.2017.06.017
Complete genome sequence of Ostreid herpesvirus type 1 µVar isolated during mortality events in the Pacific oyster Crassostrea gigas in France and Ireland.;/pubmed/28672223;Burioli EAV, Prearo M, Houssin M.;Virology. 2017 Sep;509:239-251. doi: 10.1016/j.virol.2017.06.027. Epub 2017 Jun 30.;Virology.  2017;PubMed;citation;PMID:28672223;pubmed;28672223;create date:2017/07/04 | first author:Burioli EAV;https://doi.org/10.1016/j.virol.2017.06.027
Haemocytes collected from experimentally infected Pacific oysters, Crassostrea gigas: Detection of ostreid herpesvirus 1 DNA, RNA, and proteins in relation with inhibition of apoptosis.;/pubmed/28542284;Martenot C, Gervais O, Chollet B, Houssin M, Renault T.;PLoS One. 2017 May 18;12(5):e0177448. doi: 10.1371/journal.pone.0177448. eCollection 2017.;PLoS One.  2017;PubMed;citation;PMID:28542284 | PMCID:PMC5436676;pubmed;28542284;create date:2017/05/26 | first author:Martenot C;https://doi.org/10.1371/journal.pone.0177448
Detection of Ostreid herpesvirus-1 microvariants in healthy Crassostrea gigas following disease events and their possible role as reservoirs of infection.;/pubmed/28499928;Evans O, Hick P, Whittington RJ.;J Invertebr Pathol. 2017 Sep;148:20-33. doi: 10.1016/j.jip.2017.05.004. Epub 2017 May 9.;J Invertebr Pathol.  2017;PubMed;citation;PMID:28499928;pubmed;28499928;create date:2017/05/14 | first author:Evans O;https://doi.org/10.1016/j.jip.2017.05.004
Differential expression of novel metabolic and immunological biomarkers in oysters challenged with a virulent strain of OsHV-1.;/pubmed/28373065;Young T, Kesarcodi-Watson A, Alfaro AC, Merien F, Nguyen TV, Mae H, Le DV, Villas-Bôas S.;Dev Comp Immunol. 2017 Aug;73:229-245. doi: 10.1016/j.dci.2017.03.025. Epub 2017 Apr 1.;Dev Comp Immunol.  2017;PubMed;citation;PMID:28373065;pubmed;28373065;create date:2017/04/05 | first author:Young T;https://doi.org/10.1016/j.dci.2017.03.025
A Production Calendar Based on Water Temperature, Spat Size, and Husbandry Practices Reduce OsHV-1 μvar Impact on Cultured Pacific Oyster Crassostrea gigas in the Ebro Delta (Catalonia), Mediterranean Coast of Spain.;/pubmed/28316573;Carrasco N, Gairin I, Pérez J, Andree KB, Roque A, Fernández-Tejedor M, Rodgers CJ, Aguilera C, Furones MD.;Front Physiol. 2017 Mar 3;8:125. doi: 10.3389/fphys.2017.00125. eCollection 2017.;Front Physiol.  2017;PubMed;citation;PMID:28316573 | PMCID:PMC5334345;pubmed;28316573;create date:2017/03/21 | first author:Carrasco N;https://doi.org/10.3389/fphys.2017.00125
Molecular characterization of Pacific oyster (Crassostrea gigas) IRAK4 gene and its role in MyD88-dependent pathway.;/pubmed/28223161;Tang X, Huang B, Zhang L, Li L, Zhang G.;Dev Comp Immunol. 2017 Jul;72:21-29. doi: 10.1016/j.dci.2017.02.004. Epub 2017 Feb 13.;Dev Comp Immunol.  2017;PubMed;citation;PMID:28223161;pubmed;28223161;create date:2017/02/23 | first author:Tang X;https://doi.org/10.1016/j.dci.2017.02.004
Genetic parameters of resistance to Vibrio aestuarianus, and OsHV-1 infections in the Pacific oyster, Crassostrea gigas, at three different life stages.;/pubmed/28201985;Azéma P, Lamy JB, Boudry P, Renault T, Travers MA, Dégremont L.;Genet Sel Evol. 2017 Feb 15;49(1):23. doi: 10.1186/s12711-017-0297-2.;Genet Sel Evol.  2017;PubMed;citation;PMID:28201985 | PMCID:PMC5311879;pubmed;28201985;create date:2017/02/17 | first author:Azéma P;NA
Adsorption of norovirus and ostreid herpesvirus type 1 to polymer membranes for the development of passive samplers.;/pubmed/28052549;Vincent-Hubert F, Morga B, Renault T, Le Guyader FS.;J Appl Microbiol. 2017 Apr;122(4):1039-1047. doi: 10.1111/jam.13394. Epub 2017 Feb 17.;J Appl Microbiol.  2017;PubMed;citation;PMID:28052549;pubmed;28052549;create date:2017/01/05 | first author:Vincent-Hubert F;https://doi.org/10.1111/jam.13394
In situ hybridization and histopathological observations during ostreid herpesvirus-1-associated mortalities in Pacific oysters Crassostrea gigas.;/pubmed/27901503;Bueno R, Perrott M, Dunowska M, Brosnahan C, Johnston C.;Dis Aquat Organ. 2016 Nov 22;122(1):43-55.;Dis Aquat Organ.  2016;PubMed;citation;PMID:27901503;pubmed;27901503;create date:2016/12/03 | first author:Bueno R;NA
Primed for success: Oyster parents treated with poly(I:C) produce offspring with enhanced protection against Ostreid herpesvirus type I infection.;/pubmed/27616590;Green TJ, Helbig K, Speck P, Raftos DA.;Mol Immunol. 2016 Oct;78:113-120. doi: 10.1016/j.molimm.2016.09.002. Epub 2016 Sep 9.;Mol Immunol.  2016;PubMed;citation;PMID:27616590;pubmed;27616590;create date:2016/09/13 | first author:Green TJ;https://doi.org/10.1016/j.molimm.2016.09.002
Evidence of vertical transmission of ostreid herpesvirus 1 in the Portuguese oyster Crassostrea angulata.;/pubmed/27592536;López Sanmartín M, Power DM, de la Herrán R, Navas JI, Batista FM.;J Invertebr Pathol. 2016 Oct;140:39-41. doi: 10.1016/j.jip.2016.08.012. Epub 2016 Sep 1.;J Invertebr Pathol.  2016;PubMed;citation;PMID:27592536;pubmed;27592536;create date:2016/09/07 | first author:López Sanmartín M;https://doi.org/10.1016/j.jip.2016.08.012
Ostreid herpesvirus in wild oysters from the Huelva coast (SW Spain).;/pubmed/27503919;López-Sanmartín M, López-Fernández JR, Cunha ME, De la Herrán R, Navas JI.;Dis Aquat Organ. 2016 Aug 9;120(3):231-40. doi: 10.3354/dao03031.;Dis Aquat Organ.  2016;PubMed;citation;PMID:27503919;pubmed;27503919;create date:2016/08/10 | first author:López-Sanmartín M;NA
Distinct immune responses of juvenile and adult oysters (Crassostrea gigas) to viral and bacterial infections.;/pubmed/27439510;Green TJ, Vergnes A, Montagnani C, de Lorgeril J.;Vet Res. 2016 Jul 21;47(1):72. doi: 10.1186/s13567-016-0356-7.;Vet Res.  2016;PubMed;citation;PMID:27439510 | PMCID:PMC4955271;pubmed;27439510;create date:2016/07/22 | first author:Green TJ;NA
TANK-binding kinase-1 broadly affects oyster immune response to bacteria and viruses.;/pubmed/27422757;Tang X, Huang B, Zhang L, Li L, Zhang G.;Fish Shellfish Immunol. 2016 Sep;56:330-335. doi: 10.1016/j.fsi.2016.07.011. Epub 2016 Jul 12.;Fish Shellfish Immunol.  2016;PubMed;citation;PMID:27422757;pubmed;27422757;create date:2016/07/17 | first author:Tang X;https://doi.org/10.1016/j.fsi.2016.07.011
Antiviral Activity of Myticin C Peptide from Mussel: an Ancient Defense against Herpesviruses.;/pubmed/27307570;Novoa B, Romero A, Álvarez ÁL, Moreira R, Pereiro P, Costa MM, Dios S, Estepa A, Parra F, Figueras A.;J Virol. 2016 Aug 12;90(17):7692-702. doi: 10.1128/JVI.00591-16. Print 2016 Sep 1.;J Virol.  2016;PubMed;citation;PMID:27307570 | PMCID:PMC4988142;pubmed;27307570;create date:2016/06/17 | first author:Novoa B;https://doi.org/10.1128/JVI.00591-16
Ostreid herpesvirus type 1 genomic diversity in wild populations of Pacific oyster Crassostrea gigas from Italian coasts.;/pubmed/27234424;Burioli EAV, Prearo M, Riina MV, Bona MC, Fioravanti ML, Arcangeli G, Houssin M.;J Invertebr Pathol. 2016 Jun;137:71-83. doi: 10.1016/j.jip.2016.05.004. Epub 2016 May 24.;J Invertebr Pathol.  2016;PubMed;citation;PMID:27234424;pubmed;27234424;create date:2016/05/29 | first author:Burioli EAV;https://doi.org/10.1016/j.jip.2016.05.004
In situ localization and tissue distribution of ostreid herpesvirus 1 proteins in infected Pacific oyster, Crassostrea gigas.;/pubmed/27066775;Martenot C, Segarra A, Baillon L, Faury N, Houssin M, Renault T.;J Invertebr Pathol. 2016 May;136:124-35. doi: 10.1016/j.jip.2016.04.002. Epub 2016 Apr 8.;J Invertebr Pathol.  2016;PubMed;citation;PMID:27066775;pubmed;27066775;create date:2016/04/14 | first author:Martenot C;https://doi.org/10.1016/j.jip.2016.04.002
Experimental infection of European flat oyster Ostrea edulis with ostreid herpesvirus 1 microvar (OsHV-1μvar): Mortality, viral load and detection of viral transcripts by in situ hybridization.;/pubmed/26945849;López Sanmartín M, Power DM, de la Herrán R, Navas JI, Batista FM.;Virus Res. 2016 Jun 2;217:55-62. doi: 10.1016/j.virusres.2016.01.023. Epub 2016 Mar 3.;Virus Res.  2016;PubMed;citation;PMID:26945849;pubmed;26945849;create date:2016/03/08 | first author:López Sanmartín M;https://doi.org/10.1016/j.virusres.2016.01.023
Exposure to the toxic dinoflagellate Alexandrium catenella modulates juvenile oyster Crassostrea gigas hemocyte variables subjected to different biotic conditions.;/pubmed/26882980;Lassudrie M, Soudant P, Nicolas JL, Miner P, Le Grand J, Lambert C, Le Goïc N, Hégaret H, Fabioux C.;Fish Shellfish Immunol. 2016 Apr;51:104-115. doi: 10.1016/j.fsi.2016.02.017. Epub 2016 Feb 13.;Fish Shellfish Immunol.  2016;PubMed;citation;PMID:26882980;pubmed;26882980;create date:2016/02/18 | first author:Lassudrie M;https://doi.org/10.1016/j.fsi.2016.02.017
Infectious diseases in oyster aquaculture require a new integrated approach.;/pubmed/26880845;Pernet F, Lupo C, Bacher C, Whittington RJ.;Philos Trans R Soc Lond B Biol Sci. 2016 Mar 5;371(1689). pii: 20150213. doi: 10.1098/rstb.2015.0213. Review.;Philos Trans R Soc Lond B Biol Sci.  2016;PubMed;citation;PMID:26880845 | PMCID:PMC4760143;pubmed;26880845;create date:2016/02/18 | first author:Pernet F;https://doi.org/10.1098/rstb.2015.0213
Infectious diseases of marine molluscs and host responses as revealed by genomic tools.;/pubmed/26880838;Guo X, Ford SE.;Philos Trans R Soc Lond B Biol Sci. 2016 Mar 5;371(1689). pii: 20150206. doi: 10.1098/rstb.2015.0206. Review.;Philos Trans R Soc Lond B Biol Sci.  2016;PubMed;citation;PMID:26880838 | PMCID:PMC4760136;pubmed;26880838;create date:2016/02/18 | first author:Guo X;https://doi.org/10.1098/rstb.2015.0206
Summer mortalities and detection of ostreid herpesvirus microvariant in Pacific oyster Crassostrea gigas in Sweden and Norway.;/pubmed/26758650;Mortensen S, Strand Å, Bodvin T, Alfjorden A, Skår CK, Jelmert A, Aspán A, Sælemyr L, Naustvoll LJ, Albretsen J.;Dis Aquat Organ. 2016 Jan 13;117(3):171-6. doi: 10.3354/dao02944.;Dis Aquat Organ.  2016;PubMed;citation;PMID:26758650;pubmed;26758650;create date:2016/01/14 | first author:Mortensen S;NA
Characterization of Oyster Voltage-Dependent Anion Channel 2 (VDAC2) Suggests Its Involvement in Apoptosis and Host Defense.;/pubmed/26727366;Li Y, Zhang L, Qu T, Li L, Zhang G.;PLoS One. 2016 Jan 4;11(1):e0146049. doi: 10.1371/journal.pone.0146049. eCollection 2016.;PLoS One.  2016;PubMed;citation;PMID:26727366 | PMCID:PMC4700975;pubmed;26727366;create date:2016/01/05 | first author:Li Y;https://doi.org/10.1371/journal.pone.0146049
Detection and distribution of ostreid herpesvirus 1 in experimentally infected Pacific oyster spat.;/pubmed/26674009;Segarra A, Baillon L, Faury N, Tourbiez D, Renault T.;J Invertebr Pathol. 2016 Jan;133:59-65. doi: 10.1016/j.jip.2015.11.013. Epub 2015 Dec 7.;J Invertebr Pathol.  2016;PubMed;citation;PMID:26674009;pubmed;26674009;create date:2015/12/18 | first author:Segarra A;https://doi.org/10.1016/j.jip.2015.11.013
Molecular characterization and functional analysis of tumor necrosis factor receptor-associated factor 2 in the Pacific oyster.;/pubmed/26621757;Huang B, Zhang L, Du Y, Li L, Tang X, Zhang G.;Fish Shellfish Immunol. 2016 Jan;48:12-9. doi: 10.1016/j.fsi.2015.11.027. Epub 2015 Nov 24.;Fish Shellfish Immunol.  2016;PubMed;citation;PMID:26621757;pubmed;26621757;create date:2015/12/02 | first author:Huang B;https://doi.org/10.1016/j.fsi.2015.11.027
Detection of undescribed ostreid herpesvirus 1 (OsHV-1) specimens from Pacific oyster, Crassostrea gigas.;/pubmed/26527255;Martenot C, Lethuillier O, Fourour S, Oden E, Trancart S, Travaillé E, Houssin M.;J Invertebr Pathol. 2015 Nov;132:182-9. doi: 10.1016/j.jip.2015.10.005. Epub 2015 Oct 23.;J Invertebr Pathol.  2015;PubMed;citation;PMID:26527255;pubmed;26527255;create date:2015/11/04 | first author:Martenot C;https://doi.org/10.1016/j.jip.2015.10.005
OsHV-1 countermeasures to the Pacific oyster's anti-viral response.;/pubmed/26384844;Green TJ, Rolland JL, Vergnes A, Raftos D, Montagnani C.;Fish Shellfish Immunol. 2015 Nov;47(1):435-43. doi: 10.1016/j.fsi.2015.09.025. Epub 2015 Sep 15.;Fish Shellfish Immunol.  2015;PubMed;citation;PMID:26384844;pubmed;26384844;create date:2015/09/20 | first author:Green TJ;https://doi.org/10.1016/j.fsi.2015.09.025
Antiviral immunity in marine molluscs.;/pubmed/26297577;Green TJ, Raftos D, Speck P, Montagnani C.;J Gen Virol. 2015 Sep;96(9):2471-82. doi: 10.1099/jgv.0.000244. Epub 2015 Jul 14. Review.;J Gen Virol.  2015;PubMed;citation;PMID:26297577;pubmed;26297577;create date:2015/08/25 | first author:Green TJ;https://doi.org/10.1099/jgv.0.000244
Pesticides and Ostreid Herpesvirus 1 Infection in the Pacific Oyster, Crassostrea gigas.;/pubmed/26107171;Moreau P, Faury N, Burgeot T, Renault T.;PLoS One. 2015 Jun 24;10(6):e0130628. doi: 10.1371/journal.pone.0130628. eCollection 2015.;PLoS One.  2015;PubMed;citation;PMID:26107171 | PMCID:PMC4479877;pubmed;26107171;create date:2015/06/25 | first author:Moreau P;https://doi.org/10.1371/journal.pone.0130628
New Insight for the Genetic Evaluation of Resistance to Ostreid Herpesvirus Infection, a Worldwide Disease, in Crassostrea gigas.;/pubmed/26039375;Dégremont L, Lamy JB, Pépin JF, Travers MA, Renault T.;PLoS One. 2015 Jun 3;10(6):e0127917. doi: 10.1371/journal.pone.0127917. eCollection 2015.;PLoS One.  2015;PubMed;citation;PMID:26039375 | PMCID:PMC4454582;pubmed;26039375;create date:2015/06/04 | first author:Dégremont L;https://doi.org/10.1371/journal.pone.0127917
Transcriptome analysis reveals strong and complex antiviral response in a mollusc.;/pubmed/26004318;He Y, Jouaux A, Ford SE, Lelong C, Sourdaine P, Mathieu M, Guo X.;Fish Shellfish Immunol. 2015 Sep;46(1):131-44. doi: 10.1016/j.fsi.2015.05.023. Epub 2015 May 22.;Fish Shellfish Immunol.  2015;PubMed;citation;PMID:26004318;pubmed;26004318;create date:2015/05/26 | first author:He Y;https://doi.org/10.1016/j.fsi.2015.05.023
Experimental infections of Pacific oyster Crassostrea gigas using the Australian ostreid herpesvirus-1 (OsHV-1) µVar strain.;/pubmed/25751856;Paul-Pont I, Evans O, Dhand NK, Whittington RJ.;Dis Aquat Organ. 2015 Mar 9;113(2):137-47. doi: 10.3354/dao02826.;Dis Aquat Organ.  2015;PubMed;citation;PMID:25751856;pubmed;25751856;create date:2015/03/10 | first author:Paul-Pont I;NA
Design of a detection survey for Ostreid herpesvirus-1 using hydrodynamic dispersion models to determine epidemiological units.;/pubmed/25746929;Pande A, Acosta H, Brangenberg NA, Keeling SE.;Prev Vet Med. 2015 Apr 1;119(1-2):80-4. doi: 10.1016/j.prevetmed.2015.02.009. Epub 2015 Feb 21.;Prev Vet Med.  2015;PubMed;citation;PMID:25746929;pubmed;25746929;create date:2015/03/10 | first author:Pande A;https://doi.org/10.1016/j.prevetmed.2015.02.009
Autophagy plays an important role in protecting Pacific oysters from OsHV-1 and Vibrio aestuarianus infections.;/pubmed/25714877;Moreau P, Moreau K, Segarra A, Tourbiez D, Travers MA, Rubinsztein DC, Renault T.;Autophagy. 2015;11(3):516-26. doi: 10.1080/15548627.2015.1017188.;Autophagy.  2015;PubMed;citation;PMID:25714877 | PMCID:PMC4502751;pubmed;25714877;create date:2015/02/26 | first author:Moreau P;NA
Resistance of Black-lip learl oyster, Pinctada margaritifera, to infection by Ostreid herpes virus 1μvar under experimental challenge may be mediated by humoral antiviral activity.;/pubmed/25712854;Tan TL, Paul-Pont I, Evans OM, Watterson D, Young P, Whittington R, Fougerouse A, Bichet H, Barnes AC, Dang C.;Fish Shellfish Immunol. 2015 May;44(1):232-40. doi: 10.1016/j.fsi.2015.02.026. Epub 2015 Feb 21.;Fish Shellfish Immunol.  2015;PubMed;citation;PMID:25712854;pubmed;25712854;create date:2015/02/26 | first author:Tan TL;https://doi.org/10.1016/j.fsi.2015.02.026
Ostreid herpesvirus OsHV-1 μVar in Pacific oysters Crassostrea gigas (Thunberg 1793) of the Wadden Sea, a UNESCO world heritage site.;/pubmed/25643634;Gittenberger A, Voorbergen-Laarman MA, Engelsma MY.;J Fish Dis. 2016 Jan;39(1):105-9. doi: 10.1111/jfd.12332. Epub 2015 Jan 29.;J Fish Dis.  2016;PubMed;citation;PMID:25643634;pubmed;25643634;create date:2015/02/04 | first author:Gittenberger A;https://doi.org/10.1111/jfd.12332
Emerging and endemic types of Ostreid herpesvirus 1 were detected in bivalves in China.;/pubmed/25483846;Bai C, Wang C, Xia J, Sun H, Zhang S, Huang J.;J Invertebr Pathol. 2015 Jan;124:98-106. doi: 10.1016/j.jip.2014.11.007. Epub 2014 Dec 5.;J Invertebr Pathol.  2015;PubMed;citation;PMID:25483846;pubmed;25483846;create date:2014/12/09 | first author:Bai C;https://doi.org/10.1016/j.jip.2014.11.007
Development of an in situ hybridization assay for the detection of ostreid herpesvirus type 1 mRNAs in the Pacific oyster, Crassostrea gigas.;/pubmed/25455903;Corbeil S, Faury N, Segarra A, Renault T.;J Virol Methods. 2015 Jan;211:43-50. doi: 10.1016/j.jviromet.2014.10.007. Epub 2014 Oct 25.;J Virol Methods.  2015;PubMed;citation;PMID:25455903;pubmed;25455903;create date:2014/12/03 | first author:Corbeil S;https://doi.org/10.1016/j.jviromet.2014.10.007
Dual analysis of host and pathogen transcriptomes in ostreid herpesvirus 1-positive Crassostrea gigas.;/pubmed/25384719;Rosani U, Varotto L, Domeneghetti S, Arcangeli G, Pallavicini A, Venier P.;Environ Microbiol. 2015 Nov;17(11):4200-12. doi: 10.1111/1462-2920.12706. Epub 2014 Dec 17.;Environ Microbiol.  2015;PubMed;citation;PMID:25384719;pubmed;25384719;create date:2014/11/12 | first author:Rosani U;https://doi.org/10.1111/1462-2920.12706
Ostreid herpesvirus type 1 replication and host response in adult Pacific oysters, Crassostrea gigas.;/pubmed/25294338;Segarra A, Baillon L, Tourbiez D, Benabdelmouna A, Faury N, Bourgougnon N, Renault T.;Vet Res. 2014 Oct 8;45:103. doi: 10.1186/s13567-014-0103-x.;Vet Res.  2014;PubMed;citation;PMID:25294338 | PMCID:PMC4198667;pubmed;25294338;create date:2014/10/09 | first author:Segarra A;NA
A simple centrifugation method for improving the detection of Ostreid herpesvirus-1 (OsHV-1) in natural seawater samples with an assessment of the potential for particulate attachment.;/pubmed/25286178;Evans O, Paul-Pont I, Hick P, Whittington RJ.;J Virol Methods. 2014 Dec 15;210:59-66. doi: 10.1016/j.jviromet.2014.09.023. Epub 2014 Oct 5.;J Virol Methods.  2014;PubMed;citation;PMID:25286178;pubmed;25286178;create date:2014/10/07 | first author:Evans O;https://doi.org/10.1016/j.jviromet.2014.09.023
Evidence that the major hemolymph protein of the Pacific oyster, Crassostrea gigas, has antiviral activity against herpesviruses.;/pubmed/25169112;Green TJ, Robinson N, Chataway T, Benkendorff K, O'Connor W, Speck P.;Antiviral Res. 2014 Oct;110:168-74. doi: 10.1016/j.antiviral.2014.08.010. Epub 2014 Aug 27.;Antiviral Res.  2014;PubMed;citation;PMID:25169112;pubmed;25169112;create date:2014/08/30 | first author:Green TJ;https://doi.org/10.1016/j.antiviral.2014.08.010
Rearing practices identified as risk factors for ostreid herpesvirus 1 (OsHV-1) infection in Pacific oyster Crassostrea gigas spat.;/pubmed/25114044;Normand J, Blin JL, Jouaux A.;Dis Aquat Organ. 2014 Aug 11;110(3):201-11. doi: 10.3354/dao02756.;Dis Aquat Organ.  2014;PubMed;citation;PMID:25114044;pubmed;25114044;create date:2014/08/13 | first author:Normand J;NA
Alternative splicing and immune response of Crassostrea gigas tumor necrosis factor receptor-associated factor 3.;/pubmed/25012913;Huang B, Zhang L, Du Y, Li L, Qu T, Meng J, Zhang G.;Mol Biol Rep. 2014 Oct;41(10):6481-91. doi: 10.1007/s11033-014-3531-9. Epub 2014 Jul 11.;Mol Biol Rep.  2014;PubMed;citation;PMID:25012913;pubmed;25012913;create date:2014/07/12 | first author:Huang B;https://doi.org/10.1007/s11033-014-3531-9
Dual transcriptomics of virus-host interactions: comparing two Pacific oyster families presenting contrasted susceptibility to ostreid herpesvirus 1.;/pubmed/25012085;Segarra A, Mauduit F, Faury N, Trancart S, Dégremont L, Tourbiez D, Haffner P, Barbosa-Solomieu V, Pépin JF, Travers MA, Renault T.;BMC Genomics. 2014 Jul 9;15:580. doi: 10.1186/1471-2164-15-580.;BMC Genomics.  2014;PubMed;citation;PMID:25012085 | PMCID:PMC4111845;pubmed;25012085;create date:2014/07/12 | first author:Segarra A;NA
Proteomic signatures of the oyster metabolic response to herpesvirus OsHV-1 μVar infection.;/pubmed/25009143;Corporeau C, Tamayo D, Pernet F, Quéré C, Madec S.;J Proteomics. 2014 Sep 23;109:176-87. doi: 10.1016/j.jprot.2014.06.030. Epub 2014 Jul 5.;J Proteomics.  2014;PubMed;citation;PMID:25009143;pubmed;25009143;create date:2014/07/11 | first author:Corporeau C;https://doi.org/10.1016/j.jprot.2014.06.030
New Zealand juvenile oyster mortality associated with ostreid herpesvirus 1-an opportunistic longitudinal study.;/pubmed/24991849;Keeling SE, Brosnahan CL, Williams R, Gias E, Hannah M, Bueno R, McDonald WL, Johnston C.;Dis Aquat Organ. 2014 Jul 3;109(3):231-9. doi: 10.3354/dao02735.;Dis Aquat Organ.  2014;PubMed;citation;PMID:24991849;pubmed;24991849;create date:2014/07/06 | first author:Keeling SE;NA
Ostreid herpesvirus 1 infection among Pacific oyster (Crassostrea gigas) Spat: relevance of water temperature to virus replication and circulation prior to the onset of mortality.;/pubmed/24973071;Renault T, Bouquet AL, Maurice JT, Lupo C, Blachier P.;Appl Environ Microbiol. 2014 Sep;80(17):5419-26. doi: 10.1128/AEM.00484-14. Epub 2014 Jun 27.;Appl Environ Microbiol.  2014;PubMed;citation;PMID:24973071 | PMCID:PMC4136091;pubmed;24973071;create date:2014/06/29 | first author:Renault T;https://doi.org/10.1128/AEM.00484-14
Mortality occurrence and pathogen detection in Crassostrea gigas and Mytilus galloprovincialis close-growing in shallow waters (Goro lagoon, Italy).;/pubmed/24909498;Domeneghetti S, Varotto L, Civettini M, Rosani U, Stauder M, Pretto T, Pezzati E, Arcangeli G, Turolla E, Pallavicini A, Venier P.;Fish Shellfish Immunol. 2014 Nov;41(1):37-44. doi: 10.1016/j.fsi.2014.05.023. Epub 2014 Jun 5.;Fish Shellfish Immunol.  2014;PubMed;citation;PMID:24909498;pubmed;24909498;create date:2014/06/10 | first author:Domeneghetti S;https://doi.org/10.1016/j.fsi.2014.05.023
Transcriptomic study of 39 ostreid herpesvirus 1 genes during an experimental infection.;/pubmed/24681357;Segarra A, Faury N, Pépin JF, Renault T.;J Invertebr Pathol. 2014 Jun;119:5-11. doi: 10.1016/j.jip.2014.03.002. Epub 2014 Mar 27.;J Invertebr Pathol.  2014;PubMed;citation;PMID:24681357;pubmed;24681357;create date:2014/04/01 | first author:Segarra A;https://doi.org/10.1016/j.jip.2014.03.002
Contrasted survival under field or controlled conditions displays associations between mRNA levels of candidate genes and response to OsHV-1 infection in the Pacific oyster Crassostrea gigas.;/pubmed/24582708;Normand J, Li R, Quillien V, Nicolas JL, Boudry P, Pernet F, Huvet A.;Mar Genomics. 2014 Jun;15:95-102. doi: 10.1016/j.margen.2014.02.002. Epub 2014 Feb 26.;Mar Genomics.  2014;PubMed;citation;PMID:24582708;pubmed;24582708;create date:2014/03/04 | first author:Normand J;https://doi.org/10.1016/j.margen.2014.02.002
Spatial and temporal dynamics of mass mortalities in oysters is influenced by energetic reserves and food quality.;/pubmed/24551106;Pernet F, Lagarde F, Jeannée N, Daigle G, Barret J, Le Gall P, Quere C, D'orbcastel ER.;PLoS One. 2014 Feb 14;9(2):e88469. doi: 10.1371/journal.pone.0088469. eCollection 2014.;PLoS One.  2014;PubMed;citation;PMID:24551106 | PMCID:PMC3925110;pubmed;24551106;create date:2014/02/20 | first author:Pernet F;https://doi.org/10.1371/journal.pone.0088469
Genotyping of a microsatellite locus to differentiate clinical Ostreid herpesvirus 1 specimens.;/pubmed/24410800;Renault T, Tchaleu G, Faury N, Moreau P, Segarra A, Barbosa-Solomieu V, Lapègue S.;Vet Res. 2014 Jan 10;45:3. doi: 10.1186/1297-9716-45-3.;Vet Res.  2014;PubMed;citation;PMID:24410800 | PMCID:PMC3897894;pubmed;24410800;create date:2014/01/15 | first author:Renault T;NA
Risk factors associated with increased mortality of farmed Pacific oysters in Ireland during 2011.;/pubmed/24290496;Clegg TA, Morrissey T, Geoghegan F, Martin SW, Lyons K, Ashe S, More SJ.;Prev Vet Med. 2014 Feb 1;113(2):257-67. doi: 10.1016/j.prevetmed.2013.10.023. Epub 2013 Nov 6.;Prev Vet Med.  2014;PubMed;citation;PMID:24290496;pubmed;24290496;create date:2013/12/03 | first author:Clegg TA;https://doi.org/10.1016/j.prevetmed.2013.10.023
Ontogeny and water temperature influences the antiviral response of the Pacific oyster, Crassostrea gigas.;/pubmed/24200990;Green TJ, Montagnani C, Benkendorff K, Robinson N, Speck P.;Fish Shellfish Immunol. 2014 Jan;36(1):151-7. doi: 10.1016/j.fsi.2013.10.026. Epub 2013 Nov 5.;Fish Shellfish Immunol.  2014;PubMed;citation;PMID:24200990;pubmed;24200990;create date:2013/11/10 | first author:Green TJ;https://doi.org/10.1016/j.fsi.2013.10.026
Genome exploration of six variants of the Ostreid Herpesvirus 1 and characterization of large deletion in OsHV-1μVar specimens.;/pubmed/24050996;Martenot C, Travaillé E, Lethuillier O, Lelong C, Houssin M.;Virus Res. 2013 Dec 26;178(2):462-70. doi: 10.1016/j.virusres.2013.08.006. Epub 2013 Sep 17.;Virus Res.  2013;PubMed;citation;PMID:24050996;pubmed;24050996;create date:2013/09/21 | first author:Martenot C;https://doi.org/10.1016/j.virusres.2013.08.006
Detection of a new OsHV-1 DNA strain in the healthy Pacific oyster, Crassostrea gigas Thunberg, from the Gulf of California.;/pubmed/24033643;Grijalva-Chon JM, Castro-Longoria R, Ramos-Paredes J, Enríquez-Espinoza TL, Mendoza-Cano F.;J Fish Dis. 2013 Nov;36(11):965-8. doi: 10.1111/jfd.12028. Epub 2013 Aug 26. No abstract available. ;J Fish Dis.  2013;PubMed;citation;PMID:24033643;pubmed;24033643;create date:2013/09/17 | first author:Grijalva-Chon JM;https://doi.org/10.1111/jfd.12028
Physiological change under OsHV-1 contamination in Pacific oyster Crassostrea gigas through massive mortality events on fields.;/pubmed/23987141;Jouaux A, Lafont M, Blin JL, Houssin M, Mathieu M, Lelong C.;BMC Genomics. 2013 Aug 29;14:590. doi: 10.1186/1471-2164-14-590.;BMC Genomics.  2013;PubMed;citation;PMID:23987141 | PMCID:PMC3766697;pubmed;23987141;create date:2013/08/31 | first author:Jouaux A;NA
Ostreid herpesvirus 1 infection in farmed Pacific oyster larvae Crassostrea gigas (Thunberg) in Korea.;/pubmed/23957681;Hwang JY, Park JJ, Yu HJ, Hur YB, Arzul I, Couraleau Y, Park MA.;J Fish Dis. 2013 Nov;36(11):969-72. doi: 10.1111/jfd.12093. Epub 2013 Aug 20. No abstract available. ;J Fish Dis.  2013;PubMed;citation;PMID:23957681;pubmed;23957681;create date:2013/08/21 | first author:Hwang JY;https://doi.org/10.1111/jfd.12093
Spatial distribution of mortality in Pacific oysters Crassostrea gigas: reflection on mechanisms of OsHV-1 transmission.;/pubmed/23872856;Paul-Pont I, Dhand NK, Whittington RJ.;Dis Aquat Organ. 2013 Jul 22;105(2):127-38. doi: 10.3354/dao02615.;Dis Aquat Organ.  2013;PubMed;citation;PMID:23872856;pubmed;23872856;create date:2013/07/23 | first author:Paul-Pont I;NA
Identification and characterisation of an ostreid herpesvirus-1 microvariant (OsHV-1 µ-var) in Crassostrea gigas (Pacific oysters) in Australia.;/pubmed/23872855;Jenkins C, Hick P, Gabor M, Spiers Z, Fell SA, Gu X, Read A, Go J, Dove M, O'Connor W, Kirkland PD, Frances J.;Dis Aquat Organ. 2013 Jul 22;105(2):109-26. doi: 10.3354/dao02623.;Dis Aquat Organ.  2013;PubMed;citation;PMID:23872855;pubmed;23872855;create date:2013/07/23 | first author:Jenkins C;NA
Poly I:C induces a protective antiviral immune response in the Pacific oyster (Crassostrea gigas) against subsequent challenge with Ostreid herpesvirus (OsHV-1 μvar).;/pubmed/23685009;Green TJ, Montagnani C.;Fish Shellfish Immunol. 2013 Aug;35(2):382-8. doi: 10.1016/j.fsi.2013.04.051. Epub 2013 May 15.;Fish Shellfish Immunol.  2013;PubMed;citation;PMID:23685009;pubmed;23685009;create date:2013/05/21 | first author:Green TJ;https://doi.org/10.1016/j.fsi.2013.04.051
Validation of housekeeping genes as internal controls for studying gene expression during Pacific oyster (Crassostrea gigas) development by quantitative real-time PCR.;/pubmed/23357023;Du Y, Zhang L, Xu F, Huang B, Zhang G, Li L.;Fish Shellfish Immunol. 2013 Mar;34(3):939-45. doi: 10.1016/j.fsi.2012.12.007. Epub 2013 Jan 26.;Fish Shellfish Immunol.  2013;PubMed;citation;PMID:23357023;pubmed;23357023;create date:2013/01/30 | first author:Du Y;https://doi.org/10.1016/j.fsi.2012.12.007
[Protective activity of aqueous extracts from higher mushrooms against Herpes simplex virus type-2 on albino mice model].;/pubmed/24738237;Razumov IA, Kazachinskaia EI, Puchkova LI, Kosogorova TA, Gorbunova IA, Loktev VB, Tepliakova TV.;Antibiot Khimioter. 2013;58(9-10):8-12. Russian. ;Antibiot Khimioter.  2013;PubMed;citation;PMID:24738237;pubmed;24738237;create date:2013/01/01 | first author:Razumov IA;NA
A previously undescribed ostreid herpes virus 1 (OsHV-1) genotype detected in the pacific oyster, Crassostrea gigas, in Ireland.;/pubmed/23036593;Lynch SA, Carlsson J, Reilly AO, Cotter E, Culloty SC.;Parasitology. 2012 Oct;139(12):1526-32. doi: 10.1017/S0031182012000881. Epub 2012 Jul 19.;Parasitology.  2012;PubMed;citation;PMID:23036593;pubmed;23036593;create date:2012/10/06 | first author:Lynch SA;https://doi.org/10.1017/S0031182012000881
Biological activities of purified marennine, the blue pigment responsible for the greening of oysters.;/pubmed/22423636;Gastineau R, Pouvreau JB, Hellio C, Morançais M, Fleurence J, Gaudin P, Bourgougnon N, Mouget JL.;J Agric Food Chem. 2012 Apr 11;60(14):3599-605. doi: 10.1021/jf205004x. Epub 2012 Mar 29.;J Agric Food Chem.  2012;PubMed;citation;PMID:22423636;pubmed;22423636;create date:2012/03/20 | first author:Gastineau R;https://doi.org/10.1021/jf205004x
Analysis of clinical ostreid herpesvirus 1 (Malacoherpesviridae) specimens by sequencing amplified fragments from three virus genome areas.;/pubmed/22419803;Renault T, Moreau P, Faury N, Pepin JF, Segarra A, Webb S.;J Virol. 2012 May;86(10):5942-7. doi: 10.1128/JVI.06534-11. Epub 2012 Mar 14.;J Virol.  2012;PubMed;citation;PMID:22419803 | PMCID:PMC3347280;pubmed;22419803;create date:2012/03/16 | first author:Renault T;https://doi.org/10.1128/JVI.06534-11
Investigation of mortality in Pacific oysters associated with Ostreid herpesvirus-1 μVar in the Republic of Ireland in 2009.;/pubmed/22398251;Peeler EJ, Reese RA, Cheslett DL, Geoghegan F, Power A, Thrush MA.;Prev Vet Med. 2012 Jun 1;105(1-2):136-43. doi: 10.1016/j.prevetmed.2012.02.001. Epub 2012 Mar 6.;Prev Vet Med.  2012;PubMed;citation;PMID:22398251;pubmed;22398251;create date:2012/03/09 | first author:Peeler EJ;https://doi.org/10.1016/j.prevetmed.2012.02.001
Quantifying Ostreid herpesvirus (OsHV-1) genome copies and expression during transmission.;/pubmed/21935610;Burge CA, Friedman CS.;Microb Ecol. 2012 Apr;63(3):596-604. doi: 10.1007/s00248-011-9937-1. Epub 2011 Sep 21.;Microb Ecol.  2012;PubMed;citation;PMID:21935610;pubmed;21935610;create date:2011/09/22 | first author:Burge CA;https://doi.org/10.1007/s00248-011-9937-1
Detection of the oyster herpesvirus in commercial bivalve in northern California, USA: conventional and quantitative PCR.;/pubmed/21648239;Burge CA, Strenge RE, Friedman CS.;Dis Aquat Organ. 2011 Apr 6;94(2):107-16. doi: 10.3354/dao02314.;Dis Aquat Organ.  2011;PubMed;citation;PMID:21648239;pubmed;21648239;create date:2011/06/09 | first author:Burge CA;NA
Ostreid herpesvirus 1 detection and relationship with Crassostrea gigas spat mortality in France between 1998 and 2006.;/pubmed/21635731;Garcia C, Thébault A, Dégremont L, Arzul I, Miossec L, Robert M, Chollet B, François C, Joly JP, Ferrand S, Kerdudou N, Renault T.;Vet Res. 2011 Jun 2;42:73. doi: 10.1186/1297-9716-42-73.;Vet Res.  2011;PubMed;citation;PMID:21635731 | PMCID:PMC3129302;pubmed;21635731;create date:2011/06/04 | first author:Garcia C;NA
Detection of different variants of Ostreid Herpesvirus 1 in the Pacific oyster, Crassostrea gigas between 2008 and 2010.;/pubmed/21600247;Martenot C, Oden E, Travaillé E, Malas JP, Houssin M.;Virus Res. 2011 Sep;160(1-2):25-31. doi: 10.1016/j.virusres.2011.04.012. Epub 2011 May 10.;Virus Res.  2011;PubMed;citation;PMID:21600247;pubmed;21600247;create date:2011/05/24 | first author:Martenot C;https://doi.org/10.1016/j.virusres.2011.04.012
Suppression substractive hybridisation (SSH) and real time PCR reveal differential gene expression in the Pacific cupped oyster, Crassostrea gigas, challenged with Ostreid herpesvirus 1.;/pubmed/21371503;Renault T, Faury N, Barbosa-Solomieu V, Moreau K.;Dev Comp Immunol. 2011 Jul;35(7):725-35. doi: 10.1016/j.dci.2011.02.004. Epub 2011 Mar 1.;Dev Comp Immunol.  2011;PubMed;citation;PMID:21371503;pubmed;21371503;create date:2011/03/05 | first author:Renault T;https://doi.org/10.1016/j.dci.2011.02.004
Experimental infection of Pacific oyster Crassostrea gigas spat by ostreid herpesvirus 1: demonstration of oyster spat susceptibility.;/pubmed/21314910;Schikorski D, Renault T, Saulnier D, Faury N, Moreau P, Pépin JF.;Vet Res. 2011 Feb 7;42:27. doi: 10.1186/1297-9716-42-27.;Vet Res.  2011;PubMed;citation;PMID:21314910 | PMCID:PMC3042938;pubmed;21314910;create date:2011/02/15 | first author:Schikorski D;NA
A neurotropic herpesvirus infecting the gastropod, abalone, shares ancestry with oyster herpesvirus and a herpesvirus associated with the amphioxus genome.;/pubmed/21062506;Savin KW, Cocks BG, Wong F, Sawbridge T, Cogan N, Savage D, Warner S.;Virol J. 2010 Nov 10;7:308. doi: 10.1186/1743-422X-7-308.;Virol J.  2010;PubMed;citation;PMID:21062506 | PMCID:PMC2994540;pubmed;21062506;create date:2010/11/11 | first author:Savin KW;NA
Comparison of two real-time PCR methods for detection of ostreid herpesvirus 1 in the Pacific oyster Crassostrea gigas.;/pubmed/20837066;Martenot C, Oden E, Travaillé E, Malas JP, Houssin M.;J Virol Methods. 2010 Dec;170(1-2):86-9. doi: 10.1016/j.jviromet.2010.09.003. Epub 2010 Sep 15.;J Virol Methods.  2010;PubMed;citation;PMID:20837066;pubmed;20837066;create date:2010/09/15 | first author:Martenot C;https://doi.org/10.1016/j.jviromet.2010.09.003
Development of a loop-mediated isothermal amplification assay for rapid and sensitive detection of ostreid herpesvirus 1 DNA.;/pubmed/20813133;Ren W, Renault T, Cai Y, Wang C.;J Virol Methods. 2010 Dec;170(1-2):30-6. doi: 10.1016/j.jviromet.2010.08.015. Epub 2010 Sep 8.;J Virol Methods.  2010;PubMed;citation;PMID:20813133;pubmed;20813133;create date:2010/09/04 | first author:Ren W;https://doi.org/10.1016/j.jviromet.2010.08.015
Experimental ostreid herpesvirus 1 infection of the Pacific oyster Crassostrea gigas: kinetics of virus DNA detection by q-PCR in seawater and in oyster samples.;/pubmed/20709119;Schikorski D, Faury N, Pepin JF, Saulnier D, Tourbiez D, Renault T.;Virus Res. 2011 Jan;155(1):28-34. doi: 10.1016/j.virusres.2010.07.031. Epub 2010 Aug 13.;Virus Res.  2011;PubMed;citation;PMID:20709119;pubmed;20709119;create date:2010/08/17 | first author:Schikorski D;https://doi.org/10.1016/j.virusres.2010.07.031
Detection and description of a particular Ostreid herpesvirus 1 genotype associated with massive mortality outbreaks of Pacific oysters, Crassostrea gigas, in France in 2008.;/pubmed/20638433;Segarra A, Pépin JF, Arzul I, Morga B, Faury N, Renault T.;Virus Res. 2010 Oct;153(1):92-9. doi: 10.1016/j.virusres.2010.07.011. Epub 2010 Jul 16.;Virus Res.  2010;PubMed;citation;PMID:20638433;pubmed;20638433;create date:2010/07/20 | first author:Segarra A;https://doi.org/10.1016/j.virusres.2010.07.011
Gill erosion and herpesvirus in Crassostrea gigas cultured in Baja California, Mexico.;/pubmed/20402231;Vásquez-Yeomans R, García-Ortega M, Cáceres-Martínez J.;Dis Aquat Organ. 2010 Mar 9;89(2):137-44. doi: 10.3354/dao02189.;Dis Aquat Organ.  2010;PubMed;citation;PMID:20402231;pubmed;20402231;create date:2010/04/21 | first author:Vásquez-Yeomans R;NA
QTL for resistance to summer mortality and OsHV-1 load in the Pacific oyster (Crassostrea gigas).;/pubmed/20096029;Sauvage C, Boudry P, de Koning DJ, Haley CS, Heurtebise S, Lapègue S.;Anim Genet. 2010 Aug;41(4):390-9. doi: 10.1111/j.1365-2052.2009.02018.x. Epub 2010 Jan 21.;Anim Genet.  2010;PubMed;citation;PMID:20096029;pubmed;20096029;create date:2010/01/26 | first author:Sauvage C;https://doi.org/10.1111/j.1365-2052.2009.02018.x
Ostreid herpes virus 1 infection in families of the Pacific oyster, Crassostrea gigas, during a summer mortality outbreak: differences in viral DNA detection and quantification using real-time PCR.;/pubmed/19428752;Sauvage C, Pépin JF, Lapègue S, Boudry P, Renault T.;Virus Res. 2009 Jun;142(1-2):181-7. doi: 10.1016/j.virusres.2009.02.013. Epub 2009 Mar 6.;Virus Res.  2009;PubMed;citation;PMID:19428752;pubmed;19428752;create date:2009/05/12 | first author:Sauvage C;https://doi.org/10.1016/j.virusres.2009.02.013
Herpesvirus infection in European flat oysters Ostrea edulis obtained from brood stocks of various geographic origins and grown in Galicia (NW Spain).;/pubmed/18380216;da Silva PM, Renault T, Fuentes J, Villalba A.;Dis Aquat Organ. 2008 Jan 24;78(3):181-8. doi: 10.3354/dao01874.;Dis Aquat Organ.  2008;PubMed;citation;PMID:18380216;pubmed;18380216;create date:2008/04/03 | first author:da Silva PM;NA
Rapid and sensitive detection of ostreid herpesvirus 1 in oyster samples by real-time PCR.;/pubmed/18342377;Pepin JF, Riou A, Renault T.;J Virol Methods. 2008 May;149(2):269-76. doi: 10.1016/j.jviromet.2008.01.022. Epub 2008 Mar 14.;J Virol Methods.  2008;PubMed;citation;PMID:18342377;pubmed;18342377;create date:2008/03/18 | first author:Pepin JF;https://doi.org/10.1016/j.jviromet.2008.01.022
Pathogens in Crassostrea ariakensis and other Asian oyster species: implications for non-native oyster introduction to Chesapeake Bay.;/pubmed/18062472;Moss JA, Burreson EM, Cordes JF, Dungan CF, Brown GD, Wang A, Wu X, Reece KS.;Dis Aquat Organ. 2007 Oct 15;77(3):207-23.;Dis Aquat Organ.  2007;PubMed;citation;PMID:18062472;pubmed;18062472;create date:2007/12/08 | first author:Moss JA;NA
Detection of Panulirus argus Virus 1 in Caribbean spiny lobsters.;/pubmed/17718159;Montgomery-Fullerton MM, Cooper RA, Kauffman KM, Shields JD, Ratzlaff RE.;Dis Aquat Organ. 2007 Jun 7;76(1):1-6.;Dis Aquat Organ.  2007;PubMed;citation;PMID:17718159;pubmed;17718159;create date:2007/08/28 | first author:Montgomery-Fullerton MM;NA
Detection of ostreid herpesvirus 1 DNA by PCR in bivalve molluscs: a critical review.;/pubmed/17079025;Batista FM, Arzul I, Pepin JF, Ruano F, Friedman CS, Boudry P, Renault T.;J Virol Methods. 2007 Jan;139(1):1-11. Epub 2006 Oct 31. Review.;J Virol Methods.  2007;PubMed;citation;PMID:17079025;pubmed;17079025;create date:2006/11/03 | first author:Batista FM;NA
Mortality and herpesvirus infections of the Pacific oyster Crassostrea gigas in Tomales Bay, California, USA.;/pubmed/17067071;Burge CA, Griffin FJ, Friedman CS.;Dis Aquat Organ. 2006 Sep 14;72(1):31-43.;Dis Aquat Organ.  2006;PubMed;citation;PMID:17067071;pubmed;17067071;create date:2006/10/28 | first author:Burge CA;NA
In vitro research of anti-HSV-1 activity in different extracts from Pacific oysters Crassostrea gigas.;/pubmed/16385820;Olicard C, Didier Y, Marty C, Bourgougnon N, Renault T.;Dis Aquat Organ. 2005 Nov 9;67(1-2):141-7.;Dis Aquat Organ.  2005;PubMed;citation;PMID:16385820;pubmed;16385820;create date:2006/01/03 | first author:Olicard C;NA
Herpes-like virus infection causing mortality of cultured abalone Haliotis diversicolor supertexta in Taiwan.;/pubmed/16042040;Chang PH, Kuo ST, Lai SH, Yang HS, Ting YY, Hsu CL, Chen HC.;Dis Aquat Organ. 2005 Jun 14;65(1):23-7.;Dis Aquat Organ.  2005;PubMed;citation;PMID:16042040;pubmed;16042040;create date:2005/07/27 | first author:Chang PH;NA
Detection of ostreid herpesvirus-1 (OsHV-1) by PCR using a rapid and simple method of DNA extraction from oyster larvae.;/pubmed/15900681;Batista FM, Taris N, Boudry P, Renault T.;Dis Aquat Organ. 2005 Apr 6;64(1):1-4.;Dis Aquat Organ.  2005;PubMed;citation;PMID:15900681;pubmed;15900681;create date:2005/05/20 | first author:Batista FM;NA
Herpes virus in juvenile Pacific oysters Crassostrea gigas from Tomales Bay, California, coincides with summer mortality episodes.;/pubmed/15759798;Friedman CS, Estes RM, Stokes NA, Burge CA, Hargove JS, Barber BJ, Elston RA, Burreson EM, Reece KS.;Dis Aquat Organ. 2005 Jan 25;63(1):33-41.;Dis Aquat Organ.  2005;PubMed;citation;PMID:15759798;pubmed;15759798;create date:2005/03/12 | first author:Friedman CS;NA
Detection of Ostreid Herpesvirus 1 (OsHV-1) DNA in seawater by PCR: influence of water parameters in bioassays.;/pubmed/15648829;Vigneron V, Solliec G, Montanié H, Renault T.;Dis Aquat Organ. 2004 Nov 23;62(1-2):35-44.;Dis Aquat Organ.  2004;PubMed;citation;PMID:15648829;pubmed;15648829;create date:2005/01/15 | first author:Vigneron V;NA
A novel class of herpesvirus with bivalve hosts.;/pubmed/15604430;Davison AJ, Trus BL, Cheng N, Steven AC, Watson MS, Cunningham C, Le Deuff RM, Renault T.;J Gen Virol. 2005 Jan;86(Pt 1):41-53.;J Gen Virol.  2005;PubMed;citation;PMID:15604430;pubmed;15604430;create date:2004/12/18 | first author:Davison AJ;NA
Ostreid herpesvirus 1 (OsHV-1) detection among three successive generations of Pacific oysters (Crassostrea gigas).;/pubmed/15567033;Barbosa-Solomieu V, Dégremont L, Vázquez-Juárez R, Ascencio-Valle F, Boudry P, Renault T.;Virus Res. 2005 Jan;107(1):47-56.;Virus Res.  2005;PubMed;citation;PMID:15567033;pubmed;15567033;create date:2004/11/30 | first author:Barbosa-Solomieu V;NA
Development and use of an internal standard for oyster herpesvirus 1 detection by PCR.;/pubmed/15350728;Renault T, Arzul I, Lipart C.;J Virol Methods. 2004 Oct;121(1):17-23.;J Virol Methods.  2004;PubMed;citation;PMID:15350728;pubmed;15350728;create date:2004/09/08 | first author:Renault T;NA
Diagnosis of Ostreid herpesvirus 1 in fixed paraffin-embedded archival samples using PCR and in situ hybridisation.;/pubmed/15158586;Barbosa-Solomieu V, Miossec L, Vázquez-Juárez R, Ascencio-Valle F, Renault T.;J Virol Methods. 2004 Aug;119(2):65-72.;J Virol Methods.  2004;PubMed;citation;PMID:15158586;pubmed;15158586;create date:2004/05/26 | first author:Barbosa-Solomieu V;NA
Of oysters and man.;/pubmed/12749796;Pass RF.;Herpes. 2003 May;10(1):3. No abstract available. ;Herpes.  2003;PubMed;citation;PMID:12749796;pubmed;12749796;create date:2003/05/17 | first author:Pass RF;NA
Detection of oyster herpesvirus DNA and proteins in asymptomatic Crassostrea gigas adults.;/pubmed/11900847;Arzul I, Renault T, Thébault A, Gérard A.;Virus Res. 2002 Mar 20;84(1-2):151-60.;Virus Res.  2002;PubMed;citation;PMID:11900847;pubmed;11900847;create date:2002/03/20 | first author:Arzul I;NA
French scallops: a new host for ostreid herpesvirus-1.;/pubmed/11883198;Arzul I, Nicolas JL, Davison AJ, Renault T.;Virology. 2001 Nov 25;290(2):342-9.;Virology.  2001;PubMed;citation;PMID:11883198;pubmed;11883198;create date:2002/03/09 | first author:Arzul I;NA
Herpes-like virus detection in infected Crassostrea gigas spat using DIG-labelled probes.;/pubmed/11849678;Lipart C, Renault T.;J Virol Methods. 2002 Mar;101(1-2):1-10.;J Virol Methods.  2002;PubMed;citation;PMID:11849678;pubmed;11849678;create date:2002/02/19 | first author:Lipart C;NA
Experimental herpes-like viral infections in marine bivalves: demonstration of interspecies transmission.;/pubmed/11592697;Arzul I, Renault T, Lipart C.;Dis Aquat Organ. 2001 Aug 22;46(1):1-6.;Dis Aquat Organ.  2001;PubMed;citation;PMID:11592697;pubmed;11592697;create date:2001/10/11 | first author:Arzul I;NA
A herpes-like virus infects a non-ostreid bivalve species: virus replication in Ruditapes philippinarum larvae.;/pubmed/11411639;Renault T, Lipart C, Arzul I.;Dis Aquat Organ. 2001 May 4;45(1):1-7.;Dis Aquat Organ.  2001;PubMed;citation;PMID:11411639;pubmed;11411639;create date:2001/06/20 | first author:Renault T;NA
Evidence for interspecies transmission of oyster herpesvirus in marine bivalves.;/pubmed/11257192;Arzul I, Renault T, Lipart C, Davison AJ.;J Gen Virol. 2001 Apr;82(Pt 4):865-70.;J Gen Virol.  2001;PubMed;citation;PMID:11257192;pubmed;11257192;create date:2001/03/21 | first author:Arzul I;NA
Concomitant herpes-like virus infections in hatchery-reared larvae and nursery-cultured spat Crassostrea gigas and Ostrea edulis.;/pubmed/11104068;Renault T, Le Deuff RM, Chollet B, Cochennec N, Gérard A.;Dis Aquat Organ. 2000 Sep 28;42(3):173-83.;Dis Aquat Organ.  2000;PubMed;citation;PMID:11104068;pubmed;11104068;create date:2000/12/05 | first author:Renault T;NA
Development of a PCR procedure for the detection of a herpes-like virus infecting oysters in France.;/pubmed/10921841;Renault T, Le Deuff RM, Lipart C, Delsert C.;J Virol Methods. 2000 Jul;88(1):41-50.;J Virol Methods.  2000;PubMed;citation;PMID:10921841;pubmed;10921841;create date:2000/08/02 | first author:Renault T;NA
Purification and partial genome characterization of a herpes-like virus infecting the Japanese oyster, Crassostrea gigas.;/pubmed/10355779;Le Deuff RM, Renault T.;J Gen Virol. 1999 May;80 ( Pt 5):1317-22.;J Gen Virol.  1999;PubMed;citation;PMID:10355779;pubmed;10355779;create date:1999/06/04 | first author:Le Deuff RM;NA
Promoters from Drosophila heat shock protein and cytomegalovirus drive transient expression of luciferase introduced by particle bombardment into embryos of the oyster Crassostrea gigas.;/pubmed/9304877;Cadoret JP, Boulo V, Gendreau S, Mialhe E.;J Biotechnol. 1997 Aug 28;56(3):183-9.;J Biotechnol.  1997;PubMed;citation;PMID:9304877;pubmed;9304877;create date:1997/08/28 | first author:Cadoret JP;NA
Microinjection of bivalve eggs: application in genetics.;/pubmed/9116873;Cadoret JP, Gendreau S, Delecheneau JM, Rousseau C, Mialhe E.;Mol Mar Biol Biotechnol. 1997 Mar;6(1):72-7.;Mol Mar Biol Biotechnol.  1997;PubMed;citation;PMID:9116873;pubmed;9116873;create date:1997/03/01 | first author:Cadoret JP;NA
Transient expression of luciferase reporter gene after lipofection in oyster (Crassostrea gigas) primary cell cultures.;/pubmed/8817924;Boulo V, Cadoret JP, Le Marrec F, Dorange G, Miahle E.;Mol Mar Biol Biotechnol. 1996 Sep;5(3):167-74.;Mol Mar Biol Biotechnol.  1996;PubMed;citation;PMID:8817924;pubmed;8817924;create date:1996/09/01 | first author:Boulo V;NA
Herpes-like viruses associated with high mortality levels in larvae and spat of Pacific oysters, Crassostrea gigas: a comparative study, the thermal effects on virus detection in hatchery-reared larvae, reproduction of the disease in axenic larvae.;/pubmed/8581037;Renault T, Le Deuff RM, Cochennec N, Chollet B, Maffart P.;Vet Res. 1995;26(5-6):539-43. No abstract available. ;Vet Res.  1995;PubMed;citation;PMID:8581037;pubmed;8581037;create date:1995/01/01 | first author:Renault T;NA
Antibodies specific for channel catfish virus cross-react with Pacific oyster, Crassostrea gigas, herpes-like virus.;/pubmed/8581033;Le Deuff RM, Renault T, Cochennec N.;Vet Res. 1995;26(5-6):526-9. No abstract available. ;Vet Res.  1995;PubMed;citation;PMID:8581033;pubmed;8581033;create date:1995/01/01 | first author:Le Deuff RM;NA
Oyster herpes-type virus.;/pubmed/5082840;Farley CA, Banfield WG, Kasnic G Jr, Foster WS.;Science. 1972 Nov 17;178(4062):759-60.;Science.  1972;PubMed;citation;PMID:5082840;pubmed;5082840;create date:1972/11/17 | first author:Farley CA;NA
